Latitude,Longitude,Radius
-37.83,144.899,457
-37.83247,144.9032,539
-37.83374,144.9103,625
-37.82167,144.97806,732
-37.784306,144.916763,514
-37.80623,144.94259,491
-37.788579,144.907168,704
-37.822696,144.975144,560
-37.81517,144.97476,687
-37.81524,144.95256,533
-37.81674,144.97009,740
-37.81239,144.9712,702
-37.81679,144.96918,499
-37.81808,144.95692,713
-37.803411,144.971747,614
-37.7837,144.91531,454
-37.822797,144.959523,725
-37.811269,144.957909,568
-37.809081,144.96893,724
-37.815461,144.962656,645
-37.808659,144.973701,675
-37.81097,144.972911,462
-37.81285,144.955026,716
-37.820684,144.984937,509
-37.815342,144.945415,724
-37.816356,144.962313,458
-37.818071,144.957211,704
-37.818202,144.954367,559
-37.814225,144.971971,494
-37.815975,144.955905,505
-37.815493,144.956714,634
-37.81852,144.957141,499
-37.817303,144.962344,647
-37.818162,144.959934,551
-37.822278,144.955561,666
-37.813381,144.959612,614
-37.818162,144.980268,736
-37.783586,144.959012,621
-37.783684,144.946507,460
-37.822782,144.964942,632
-37.812084,144.967997,675
-37.800491,144.957865,598
-37.818494,144.957705,574
-37.812404,144.953686,489
-37.812122,144.97071,578
-37.811625,144.964919,465
-37.814263,144.972105,684
-37.815549,144.966686,560
-37.822264,144.960015,639
-37.818166,144.964831,620
-37.815943,144.972798,548
-37.817384,144.959217,607
-37.814896,144.971668,725
-37.811126,144.962116,601
-37.822656,144.964912,527
-37.802556,144.966792,726
-37.818656,144.956626,465
-37.817261,144.962515,510
-37.812845,144.968248,717
-37.811978,144.962388,572
-37.806492,144.965083,667
-37.809143,144.952209,656
-37.809456,144.963536,627
-37.812723,144.960164,723
-37.813463,144.973217,552
-37.810996,144.967095,716
-37.814989,144.960908,589
-37.816987,144.952912,721
-37.812998,144.951557,691
-37.82091,144.955155,541
-37.820123,144.957552,711
-37.803772,144.952755,655
-37.80683,144.947696,609
-37.812899,144.959886,693
-37.811678,144.962783,631
-37.813139,144.974328,592
-37.792493,144.968533,642
-37.819576,144.95985,571
-37.817069,144.961828,645
-37.812233,144.983497,716
-37.818218,144.960705,707
-37.809885,144.963286,720
-37.820266,144.965886,533
-37.816295,144.948342,627
-37.815196,144.96297,700
-37.812799,144.954686,454
-37.824767,144.960866,570
-37.816194,144.948354,568
-37.807404,144.970964,623
-37.811928,144.956414,749
-37.816011,144.972058,697
-37.815325,144.952163,585
-37.783849,144.958551,637
-37.81918,144.945876,503
-37.818056,144.951132,668
-37.814431,144.954653,556
-37.821515,144.954651,741
-37.808806,144.96603,506
-37.828772,144.971027,482
-37.82433,144.954913,457
-37.810382,144.971223,596
-37.816467,144.958334,660
-37.815777,144.970508,680
-37.789684,144.938154,721
-37.812578,144.965314,544
-37.817656,144.967128,537
-37.79007,144.95872,627
-37.81607,144.957254,471
-37.814398,144.96632,667
-37.822758,144.954684,558
-37.813963,144.957301,675
-37.823048,144.95838,702
-37.807934,144.929912,553
-37.825399,144.969335,518
-37.802406,144.966989,510
-37.803407,144.969142,737
-37.813327,144.974732,633
-37.816158,144.960706,743
-37.824536,144.961065,728
-37.807134,144.947573,639
-37.824777,144.938677,728
-37.824079,144.955511,484
-37.797868,144.935564,607
-37.808425,144.928625,669
-37.809489,144.963865,542
-37.817779,144.955969,579
-37.818018,144.964596,525
-37.812857,144.96843,626
-37.809411,144.972385,542
-37.811627,144.965056,596
-37.816122,144.964421,664
-37.813447,144.966028,692
-37.821115,144.966499,675
-37.815488,144.966824,569
-37.814765,144.969286,604
-37.812088,144.970836,730
-37.816289,144.948001,478
-37.820853,144.982694,641
-37.816206,144.966634,648
-37.819471,144.960069,582
-37.797948,144.968724,601
-37.828238,144.902531,637
-37.793221,144.968967,452
-37.829304,144.971046,543
-37.825604,144.981259,685
-37.810219,144.9618,456
-37.809538,144.964091,704
-37.84713,144.984195,548
-37.817635,144.968526,488
-37.831157,144.96611,452
-37.80284,144.923671,701
-37.795771,144.949216,468
-37.812175,144.950353,634
-37.812653,144.956622,656
-37.811251,144.964157,680
-37.798891,144.956591,490
-37.81354,144.971421,517
-37.788427,144.906189,522
-37.809969,144.97078,623
-37.809264,144.971708,634
-37.830435,144.899378,643
-37.823085,144.965797,736
-37.808807,144.955705,525
-37.805699,144.955791,718
-37.812711,144.959971,653
-37.796959,144.961028,730
-37.809499,144.949303,536
-37.788961,144.905311,685
-37.809498,144.982686,531
-37.822984,144.980876,636
-37.81653,144.961967,646
-37.815387,144.968815,734
-37.812781,144.974451,546
-37.81751,144.959237,647
-37.814257,144.96337,641
-37.806321,144.955274,511
-37.821087,144.921,462
-37.821485,144.961831,570
-37.792314,144.968651,713
-37.816674,144.970256,610
-37.809041,144.971828,743
-37.788463,144.908198,537
-37.820744,144.955485,669
-37.817483,144.959445,717
-37.812934,144.952075,486
-37.812343,144.954135,722
-37.811533,144.972614,743
-37.813573,144.973404,526
-37.815793,144.958295,605
-37.818474,144.956805,535
-37.814395,144.963537,677
-37.844439,144.914038,460
-37.815891,144.958861,570
-37.821139,144.983595,623
-37.815195,144.974409,527
-37.810509,144.983828,745
-37.817281,144.932638,455
-37.815371,144.973076,541
-37.789243,144.938633,671
-37.800678,144.941097,495
-37.818151,144.96081,578
-37.823445,144.97098,641
-37.816299,144.95902,478
-37.825267,144.983143,605
-37.812137,144.973674,673
-37.814905,144.954913,462
-37.816209,144.961635,616
-37.812379,144.956402,597
-37.821548,144.978586,455
-37.816822,144.963209,706
-37.815309,144.969476,621
-37.831161,144.966337,601
-37.809356,144.970729,610
-37.811313,144.972958,731
-37.811158,144.953596,505
-37.810641,144.970534,493
-37.810911,144.96269,468
-37.810065,144.963281,636
-37.816757,144.989826,729
-37.811398,144.972672,532
-37.803893,144.952945,580
-37.837616,144.986465,471
-37.816891,144.961957,487
-37.808803,144.952866,598
-37.813545,144.971705,523
-37.801228,144.956209,691
-37.830296,144.912346,653
-37.814265,144.971685,524
-37.815992,144.961028,453
-37.80928,144.975229,531
-37.814484,144.9635,721
-37.813167,144.965468,634
-37.811733,144.984249,593
-37.806668,144.964907,586
-37.81922,144.958485,519
-37.80909,144.976233,677
-37.840393,144.977594,562
-37.790499,144.91986,488
-37.807478,144.959615,626
-37.815858,144.954818,654
-37.809706,144.978512,515
-37.816217,144.970928,531
-37.821956,144.945334,730
-37.798891,144.954979,577
-37.81201,144.984662,616
-37.820052,144.949318,636
-37.825477,144.953489,724
-37.814584,144.98708,730
-37.810269,144.969863,641
-37.819101,144.954229,516
-37.811022,144.959234,559
-37.825366,144.982561,630
-37.789937,144.9085,549
-37.819419,144.953845,665
-37.819917,144.94363,615
-37.797383,144.962619,492
-37.824523,144.969167,706
-37.785088,144.910477,522
-37.787815,144.911429,474
-37.81215,144.961955,514
-37.818767,144.95028,469
-37.812631,144.937802,549
-37.816496,144.96509,497
-37.815296,144.958369,602
-37.783367,144.91219,527
-37.81631,144.964351,509
-37.786873,144.913262,497
-37.817386,144.96123,613
-37.799767,144.960804,494
-37.797745,144.9534,656
-37.822195,144.981603,478
-37.817986,144.969496,691
-37.824313,144.98215,454
-37.825276,144.949139,606
-37.782611,144.912485,744
-37.820238,144.977875,586
-37.802883,144.931723,568
-37.813175,144.952919,714
-37.840967,144.912898,467
-37.822547,144.974813,580
-37.80739,144.77991,2198
-37.8257,144.8899,2305
-37.82755,144.8948,2424
-37.92259,145.14618,2933
-37.77271,144.88819,2418
-37.91521,144.98785,2669
-37.84516,145.11024,2854
-37.72606,144.77103,2682
-38.11055,145.20298,2063
-37.99465,145.07684,2888
-37.8046,144.98292,2055
-37.82247,145.18335,2430
-37.74356,144.98941,2476
-37.82384,145.28886,2685
-37.765241,144.922867,2757
-37.90924,145.13073,2047
-37.81859,145.00168,2827
-37.899367,145.132181,2520
-37.827571,145.020397,2160
-37.79486,145.03628,2879
-37.786211,144.802888,2297
-37.73313,144.963189,2433
-37.904622,145.245541,2158
-37.854883,144.98387,2999
-37.952932,145.077588,2828
-37.794666,145.083664,2612
-37.760252,145.028159,2101
-37.850204,144.954971,2910
-37.836723,144.967468,2061
-37.811298,145.011659,2701
-37.75602,144.916854,2404
-37.793976,144.790188,2000
-37.793148,145.071302,2009
-37.855705,145.182061,2452
-37.770341,145.062665,2320
-37.838054,145.118041,2346
-37.738831,145.011024,2341
-37.904595,144.992955,2214
-37.739394,144.945123,2569
-38.103592,145.126311,2283
-37.792518,145.260585,2975
-37.684584,145.135977,2775
-37.786856,145.141824,2007
-37.810707,145.000748,2602
-38.116654,145.19445,2897
-37.799981,145.15927,2017
-37.832231,144.970966,2349
-37.766439,144.924065,2266
-37.785007,145.12578,2779
-37.828678,145.112177,2720
-37.912635,145.132669,2620
-37.951822,145.180672,2840
-38.174357,145.142559,2821
-37.921282,145.08194,2303
-37.853434,145.15019,2255
-37.798754,144.977833,2864
-37.840902,145.010114,2775
-37.80329,145.084213,2866
-37.768818,145.041418,2226
-37.749026,145.04345,2131
-37.779166,145.079261,2224
-37.859326,144.978611,2892
-37.960226,145.055317,2248
-37.868629,145.239005,2371
-37.728907,145.122998,2500
-38.028273,145.209031,2468
-37.915833,144.995721,2024
-37.87868,145.165476,2343
-37.779778,144.978533,2872
-37.811378,144.994062,2726
-37.868518,144.994934,2597
-37.767341,145.105928,2405
-37.905735,145.005991,2498
-37.818844,145.157018,2658
-37.812368,145.078855,2789
-37.742423,145.029029,2515
-37.99025,145.105958,2219
-37.8237,144.991081,2621
-38.015929,145.215688,2845
-37.817516,144.993066,2513
-37.75494,145.061046,2311
-37.833254,144.964916,2664
-37.729703,145.0693,2069
-37.769404,144.983974,2096
-37.736208,144.976969,2304
-37.81513,144.839402,2050
-37.970076,145.160038,2796
-37.824108,144.871724,2355
-37.796303,145.124825,2068
-37.722126,145.099105,2967
-37.83776,145.041948,2948
-37.729156,145.017138,2640
-37.714103,144.887332,2080
-37.75567,145.055034,2815
-37.958246,145.055518,2826
-37.812411,145.078718,2595
-37.979156,145.045925,2386
-37.869121,144.908453,2586
-37.887482,145.021744,2560
-37.985964,145.212702,2566
-37.803811,145.102475,2456
-37.820174,145.138762,2170
-37.766936,144.896238,2536
-37.739251,144.945149,2653
-37.804081,145.222525,2887
-37.81384,144.889035,2385
-37.892026,145.142914,2168
-37.937007,145.089087,2107
-37.836741,145.195379,2215
-37.878453,145.008457,2374
-37.940553,145.141168,2673
-37.827326,145.106554,2653
-37.83895,144.996475,2577
-37.840366,145.007719,2337
-37.828807,145.120787,2602
-37.877074,145.043351,2449
-37.738662,144.894605,2204
-38.158232,145.158342,2367
-37.960363,145.055462,2043
-37.929728,145.28215,2486
-37.863816,145.040007,2236
-37.776075,144.906312,2202
-37.754379,144.958454,2337
-37.779327,145.079155,2398
-37.890994,144.990705,2643
-37.785255,144.977361,2609
-37.890845,145.06681,2437
-37.899466,145.079856,2875
-37.825958,145.00354,2028
-37.922861,145.159694,2579
-37.730519,145.054035,2503
-37.867895,144.829745,2476
-37.834459,144.9737,2127
-37.97182,145.149486,2785
-38.031056,145.108815,2893
-37.798787,144.978185,2888
-37.838665,145.034083,2151
-37.849701,144.951962,2649
-37.804331,144.986155,2868
-37.848117,145.116114,2692
-37.848524,145.096625,2401
-38.012126,145.249211,2072
-37.848693,145.079277,2870
-37.833879,145.076639,2368
-37.867102,144.981582,2314
-37.767331,145.105225,2646
-37.902937,145.034637,2582
-37.985414,145.14745,2935
-37.951217,145.180562,2011
-37.853049,145.15145,2731
-37.863187,144.907644,2574
-37.986505,145.218029,2950
-37.776793,145.119289,2412
-37.869321,145.238807,2156
-37.99325,145.03125,2287
-37.952549,145.134959,2821
-37.779651,144.979502,2555
-37.752089,144.909088,2346
-37.985148,145.063768,2648
-37.921038,145.239224,2569
-37.928521,145.231058,2293
-37.808153,144.824713,2837
-37.767383,145.236911,2730
-37.959893,145.18736,2157
-37.707862,145.05076,2674
-37.771356,145.061867,2940
-37.857982,144.800167,2627
-37.898592,145.123636,2210
-37.848499,145.041198,2329
-38.101586,145.185071,2555
-37.955004,145.160369,2647
-37.803899,145.25991,2820
-37.700682,145.121895,2265
-37.795113,145.081801,2514
-37.81821,145.159636,2879
-37.808406,144.804763,2950
-37.766421,144.93174,2626
-37.666543,144.753039,2974
-37.864795,144.989102,2427
-38.030577,145.244715,2418
-37.720763,144.926907,2900
-37.702817,145.103295,2483
-37.836071,145.163692,2428
-37.745064,144.929747,2566
-37.853028,145.011994,2233
-37.92102,145.238086,2305
-37.79681,144.994309,2108
-37.808629,145.048148,2084
-37.759712,144.860382,2191
-37.90797,145.076326,2682
-37.843478,145.054139,2344
-37.842906,145.069211,2086
-37.711353,145.104462,2287
-37.808543,145.108602,2795
-37.847744,145.001146,2412
-37.828599,145.034067,2367
-37.717287,144.786344,2224
-37.804711,145.015426,2005
-37.709103,144.976247,2181
-37.907721,145.024853,2823
-38.078965,145.123588,2698
-37.707537,145.009706,2497
-37.789447,144.832622,2006
-37.896052,145.255843,2766
-37.777245,144.833558,2747
-37.782868,144.833053,2774
-38.015088,145.225014,2040
-37.724319,144.841908,2240
-37.749974,144.860594,2193
-37.807881,145.028199,2940
-37.825989,145.0038,2639
-37.866785,144.981044,2201
-38.149425,145.190664,2637
-37.804826,144.986141,2075
-37.875023,145.164998,2510
-37.83053,145.019187,2252
-37.85861,144.801455,2986
-37.768863,144.999037,2692
-37.841074,144.955951,2582
-37.815113,145.010796,2614
-37.749414,145.002682,2730
-37.776079,144.906084,2182
-38.01426,145.223895,2026
-37.862011,145.282006,2227
-37.985402,145.146709,2754
-38.18462,145.208633,2698
-38.069745,145.134836,2691
-37.756959,144.979505,2138
-37.766922,145.238684,2785
-37.725719,144.961986,2456
-37.910353,145.066698,2119
-37.846776,144.967783,2087
-37.812368,145.228233,2718
-37.95956,145.18862,2981
-37.857187,144.992616,2989
-37.751259,144.909054,2471
-37.903495,145.034588,2615
-37.897928,145.230619,2601
-37.726194,145.028608,2935
-37.995291,145.173962,2354
-37.853471,144.974589,2230
-37.94768,145.203137,2066
-37.890758,145.067039,2340
-37.972718,145.064209,2822
-37.982685,145.034799,2052
-37.905349,145.052896,2619
-37.811573,144.862826,2843
-37.802819,144.899649,2783
-37.804633,145.177306,2082
-37.834975,145.165628,2552
-37.823977,145.086166,2696
-37.834265,145.134761,2647
-38.17422,145.142448,2491
-37.905839,145.161845,2203
-37.755435,144.900651,2585
-37.756909,144.983434,2885
-37.736087,144.99007,2712
-37.834761,144.973965,2336
-37.775883,144.887526,2227
-37.698173,144.77581,2117
-37.826594,144.934366,2137
-37.775749,144.887587,2227
-37.786278,144.995048,2976
-37.769872,144.779815,2469
-37.931277,145.151232,2827
-37.88757,145.021639,2129
-37.727774,144.955247,2539
-37.789423,145.160078,2167
-37.998572,145.22638,2834
-37.825701,144.88764,2570
-37.889601,145.044976,2921
-37.929785,145.282364,2108
-37.945598,145.067812,2301
-37.860662,145.197922,2791
-37.831204,144.94494,2288
-37.806448,145.023353,2854
-37.865232,145.09275,2988
-37.799118,145.050692,2068
-37.836565,144.966188,2851
-37.872433,145.023955,2647
-37.881421,145.164953,2853
-37.777873,144.930115,2451
-37.696149,144.774124,2861
-37.8245,145.057523,2716
-37.904941,145.136219,2513
-37.838627,144.938644,2388
-37.714598,144.87375,2709
-37.955046,145.091191,2858
-38.153495,145.162079,2502
-37.818518,145.215363,2490
-37.761531,144.819544,2561
-37.822364,144.853596,2515
-37.808208,145.039662,2112
-37.755579,145.054957,2948
-37.938909,145.063275,2848
-37.833424,145.076946,2196
-37.911649,145.12166,2929
-37.796325,145.12571,2281
-37.924229,145.119383,2469
-37.785189,145.12531,2822
-37.850679,145.134961,2791
-37.885427,144.988188,2683
-37.940707,145.141176,2568
-37.846038,145.225951,2468
-37.957334,145.036443,2505
-38.005913,145.086512,2436
-37.981984,145.033315,2203
-37.713274,144.985605,2877
-37.722671,144.889721,2157
-38.097211,145.147297,2726
-38.051638,145.116593,2117
-37.872819,145.116156,2441
-38.064224,145.131659,2612
-37.803855,145.280208,2483
-37.964497,145.111697,2205
-37.824356,145.04879,2321
-37.91286,145.132663,2001
-37.750191,144.775058,2804
-37.810539,144.900475,2191
-37.843084,144.838996,2331
-37.837341,144.893523,2671
-37.829022,144.858505,2426
-37.851664,144.859237,2234
-37.716131,144.88985,2844
-37.860895,144.780143,2141
-37.729065,145.017073,2329
-37.791974,144.861892,2948
-37.952111,145.005546,2377
-37.975555,145.065204,2905
-37.802919,144.879078,2638
-37.76598,144.972211,2253
-37.734,144.882749,2578
-37.698789,144.958221,2533
-37.818694,145.172222,2865
-37.7043,144.918314,2935
-37.913308,145.146689,2467
-37.851194,145.0305,2780
-38.118572,145.133879,2302
-37.935687,145.0026,2857
-37.947507,145.129624,2411
-37.84218,145.015353,2756
-38.008958,145.230857,2630
-37.993247,145.172316,2736
-37.763116,144.836082,2875
-37.726966,144.806659,2738
-37.944809,145.171229,2489
-38.007566,145.202041,2564
-37.968027,145.140372,2990
-37.722651,145.041477,2686
-37.898807,145.089176,2894
-37.738522,144.894717,2831
-37.797195,144.997887,2258
-37.79409,144.982798,2012
-38.013762,145.169687,2126
-37.815933,145.037095,2517
-37.826607,145.279885,2641
-37.856376,144.966962,2034
-37.977141,145.168685,2571
-37.852371,145.132577,2663
-37.847612,145.001922,2204
-37.920701,145.064117,2325
-37.767254,144.81857,2763
-37.805664,145.256109,2405
-37.839283,144.958159,2775
-38.036587,145.209329,2948
-37.794279,145.236025,2939
-37.884072,145.056674,2732
-37.832032,144.935123,2721
-37.909139,144.986257,2864
-37.845372,144.962162,2460
-37.80452,145.189292,2073
-37.947151,145.047275,2457
-37.831293,145.056879,2425
-37.83414,145.317878,2603
-37.986723,145.216964,2685
-37.885856,144.988551,2417
-37.819726,145.30255,2473
-37.73232,144.878065,2572
-37.861106,145.287995,2997
-37.78179,144.833255,2689
-38.011762,145.249641,2440
-37.862691,145.014257,2115
-38.007926,145.112314,2832
-37.808699,144.825868,2707
-37.986062,145.064074,2072
-37.866013,144.975439,2931
-37.855966,145.028622,2845
-37.868886,144.895273,2122
-37.785436,144.977413,2721
-37.762257,145.000123,2930
-37.839326,144.995828,2540
-37.842114,144.995468,2660
-37.957924,145.055094,2878
-37.852466,145.313768,2504
-37.887403,145.112953,2991
-37.73956,145.003515,2940
-37.910096,145.189323,2538
-37.836518,145.195497,2319
-37.975112,145.015875,2600
-37.872472,145.067563,2441
-37.929625,145.003845,2083
-37.825441,145.269277,2741
-37.815211,145.098514,2383
-37.719262,145.021486,2523
-37.877564,144.999078,2658
-37.835862,144.959912,2147
-37.991791,145.06554,2016
-37.85982,145.267792,2700
-38.118036,145.144979,2328
-37.814142,145.292193,2318
-37.887703,145.158021,2486
-37.84819,145.079415,2016
-37.820052,145.138674,2453
-37.817804,145.12594,2219
-37.763897,145.155228,2547
-37.925875,145.219949,2302
-37.84442,144.99969,2332
-37.909589,145.084428,2517
-37.749067,144.797222,2608
-37.88956,145.037677,2987
-38.166506,145.108584,2958
-37.89311,145.126089,2092
-37.82817,145.247182,2067
-37.864377,144.974119,2701
-38.163935,145.137733,2235
-37.757872,145.129814,2211
-37.81556,145.195156,2478
-37.76787,144.863007,2018
-37.986325,145.18853,2901
-38.132039,145.226519,2385
-37.727012,144.790263,2225
-37.878395,144.977544,2662
-37.728203,144.948791,2551
-37.858632,144.898861,2213
-37.802013,145.126361,2386
-37.859228,144.978693,2671
-37.843777,144.942989,2222
-37.963022,145.148763,2687
-37.884047,145.279687,2628
-37.89753,145.179748,2137
-37.945557,145.001137,2778
-37.858039,145.131922,2922
-37.688631,144.77876,2514
-37.85894,145.004594,2399
-37.878338,145.008584,2828
-37.735012,144.918793,2848
-37.782753,145.165807,2904
-38.069663,145.198901,2308
-37.971661,145.149673,2831
-37.746081,144.965888,2251
-37.779998,144.863396,2111
-37.762572,144.963222,2641
-37.959957,145.07456,2093
-37.855655,145.020845,2349
-37.936226,145.260708,2973
-37.794044,145.211409,2491
-37.766311,145.189384,2845
-37.84589,145.249105,2125
-37.919406,145.005497,2532
-37.899665,145.079896,2925
-37.921826,145.026045,2891
-37.786706,144.928619,2788
-38.150745,145.128266,2180
-37.69379,144.936073,2462
-37.76313,145.05493,2511
-37.885065,145.082652,2409
-37.875016,145.090872,2935
-37.775517,145.118413,2389
-37.747971,145.177675,2590
-37.848611,145.116044,2555
-37.813754,144.888776,2073
-37.753882,145.021801,2528
-37.938982,145.117604,2750
-37.715578,144.960766,2440
-37.751923,144.884179,2402
-37.86449,145.080913,2391
-37.769227,145.145195,2428
-37.793438,144.89912,2410
-37.850752,144.981539,2486
-38.170738,145.181976,2682
-37.780661,145.19663,2111
-38.005124,145.140062,2831
-37.788678,145.205236,2842
-37.707045,144.982394,2686
-37.705237,145.028359,2463
-37.858845,145.111851,2682
-37.797158,145.175933,2868
-37.849019,145.210946,2224
-37.770489,145.294879,2827
-37.963772,145.227822,2498
-37.858737,145.060307,2128
-37.897338,145.217839,2227
-37.992228,145.119686,2396
-37.834501,145.019536,2928
-37.798314,144.817962,2816
-37.771099,145.016097,2029
-37.73152,145.108317,2955
-37.871033,145.180195,2529
-37.860254,145.225611,2195
-37.892141,145.299637,2564
-37.894273,145.02527,2254
-37.981401,145.114941,2690
-37.97124,145.201549,2529
-37.939869,145.017575,2321
-37.96552,145.08911,2649
-37.740964,144.860229,2338
-37.771515,144.800132,2655
-37.869338,145.065508,2182
-37.86143,145.252351,2335
-37.94071,145.170193,2901
-37.752601,144.935064,2445
-37.905061,145.208327,2176
-37.774542,145.091415,2963
-37.759886,145.19651,2029
-37.820802,144.897379,2747
-37.838471,145.033293,2269
-38.102187,145.186641,2138
-37.858094,144.888931,2015
-37.936577,145.191346,2486
-37.89905,145.191811,2874
-37.708408,145.049453,2796
-37.936939,145.089361,2599
-37.946529,145.022904,2959
-37.924777,145.187597,2752
-37.968231,145.178116,2936
-37.820833,145.03583,2646
-37.838437,144.941638,2839
-37.88802,145.030145,2918
-37.834992,145.187639,2437
-37.909514,145.100899,2902
-37.827441,145.106414,2143
-37.823619,144.991651,2322
-38.059461,145.223748,2784
-37.834793,145.0835,2537
-37.834349,144.973578,2693
-37.886951,145.082262,2354
-37.840402,144.820575,2569
-37.880334,145.022743,2765
-37.849811,144.87736,2645
-37.824357,145.011172,2137
-37.98593,145.21285,2585
-37.772529,144.888927,2400
-37.83889,144.996692,2914
-37.807374,144.974486,2745
-37.926518,145.127312,2690
-37.849625,145.224728,2530
-37.91925,145.132103,2512
-37.961164,145.018106,2319
-37.935869,145.037527,2368
-37.806993,145.254601,2175
-37.923167,145.084223,2232
-37.897463,145.130665,2640
-37.969814,145.030361,2761
-37.82783,144.847473,2836
-37.992684,145.174368,2641
-37.827556,144.84731,2304
-38.142289,145.121875,2068
-37.897254,145.013419,2654
-37.77552,144.948607,2958
-37.851536,144.993122,2971
-37.820275,145.009635,2416
-37.831857,145.004949,2266
-37.748677,144.833075,2605
-37.747646,144.874904,2953
-37.836218,145.098031,2091
-37.79153,144.975941,2756
-37.838423,144.94291,2393
-37.856214,144.983675,2960
-37.754198,144.958458,2679
-37.709037,144.942229,2559
-37.792354,144.886432,2906
-38.051758,145.153093,2044
-37.975624,145.032938,2704
-37.760974,145.082797,2598
-37.700179,145.05754,2680
-37.840651,145.264149,2141
-37.813057,145.138589,2529
-37.803698,145.102705,2716
-38.104305,145.165776,2413
-37.897078,145.013651,2511
-37.982829,145.076239,2177
-37.753349,145.274534,2618
-37.70934,145.085921,2852
-37.785541,145.291217,2734
-38.031187,145.108515,2869
-37.885223,145.000098,2905
-37.768761,145.024459,2937
-37.846989,144.993347,2996
-37.844211,144.947227,2749
-37.849711,144.978669,2014
-37.734058,144.906679,2300
-37.800724,144.901923,2202
-37.841028,144.873043,2600
-37.836745,144.974024,2627
-37.774385,144.85007,2096
-37.730649,144.854966,2719
-37.764448,144.936936,2833
-37.932578,145.034746,2368
-37.774573,144.998293,2199
-37.979283,145.090904,2342
-37.877208,145.043234,2487
-37.81789,145.125063,2996
-37.858276,145.163686,2761
-38.075668,145.153222,2339
-37.924379,145.189256,2808
-37.839018,144.996291,2807
-37.848271,145.097165,2074
-37.821095,145.027824,2453
-37.922835,145.15943,2695
-37.878818,145.263595,2447
-37.738814,144.967766,2952
-37.837803,145.041833,2023
-37.814029,145.236827,2861
-37.786699,145.133062,2209
-37.759556,145.129147,2234
-37.790621,145.022685,2390
-37.837255,145.288865,2397
-37.770908,144.960144,2054
-37.716128,145.123535,2373
-37.89203,145.143197,2928
-37.776455,144.882242,2597
-37.810887,145.058924,2770
-37.823862,145.191148,2773
-37.928499,144.99012,2464
-37.966968,145.025645,2679
-37.7657,145.170882,2129
-37.788011,145.105684,2575
-37.801734,144.839702,2900
-37.740068,145.0747,2997
-37.829555,144.957371,2923
-37.975063,145.218841,2563
-37.83293,145.056143,2464
-37.819185,144.99585,2262
-37.861146,145.054514,2218
-37.822127,145.039408,2688
-37.933251,145.097558,2316
-37.804286,145.222418,2211
-37.832781,144.955293,2817
-37.840812,144.87255,2629
-37.731377,144.845958,2712
-37.919206,145.132161,2183
-37.987717,145.201192,2460
-38.074685,145.176878,2885
-37.815657,145.115065,2197
-37.987667,145.211499,2854
-37.936159,145.19056,2610
-37.866766,145.027766,2083
-37.91059,145.111791,2083
-37.806859,145.029021,2711
-37.811701,144.872364,2608
-37.702557,144.798136,2373
-37.919099,145.040827,2586
-37.730311,145.053973,2740
-38.025473,145.13499,2966
-37.877238,145.199837,2721
-37.78104,145.03175,2455
-37.848545,145.042913,2430
-37.880896,145.090038,2436
-37.95673,145.158937,2842
-37.745995,144.800628,2585
-37.820973,145.192582,2349
-37.812964,145.228957,2308
-37.96621,145.05755,2575
-37.832721,144.995279,2451
-37.807528,145.00189,2427
-37.714083,144.887197,2010
-37.703005,145.073788,2096
-37.729087,145.122937,2634
-37.78238,145.27655,2416
-37.873474,145.138058,2104
-37.947158,145.150834,2350
-37.82561,145.09794,2114
-37.884998,145.082961,2034
-37.863769,144.907968,2994
-37.723449,145.006852,2090
-37.858359,145.028342,2802
-37.887816,145.083889,2643
-37.849052,144.979642,2330
-37.727456,144.786563,2123
-37.966146,145.048217,2986
-37.962884,145.226329,2449
-37.921922,145.024814,2228
-37.920342,145.159094,2204
-37.905245,145.255922,2011
-37.892599,145.095421,2796
-37.887572,145.233551,2745
-37.873682,144.788274,2401
-37.877456,145.069161,2717
-37.866455,144.998673,2868
-37.850906,145.284332,2257
-37.846477,145.062253,2862
-37.832076,145.220377,2092
-37.719845,145.055371,2237
-37.79941,145.144134,2987
-37.794694,145.111568,2513
-37.862767,145.070261,2420
-37.851734,145.227122,2546
-38.037744,145.20422,2280
-37.746318,144.944716,2107
-37.83384,144.948265,2149
-37.857625,144.811929,2236
-37.974766,145.126666,2624
-37.755005,145.092066,2053
-37.932404,145.024363,2049
-37.896817,145.172715,2408
-37.756993,144.97938,2232
-37.822714,145.040551,2080
-37.897881,145.111093,2581
-37.743281,145.055699,2815
-37.803864,145.012246,2774
-37.867712,145.011702,2404
-37.776691,144.915672,2052
-37.984607,145.024,2639
-37.834207,144.923999,2798
-37.752293,145.116153,2788
-37.758727,144.945723,2244
-37.70793,144.938687,2002
-38.166458,145.124209,2741
-37.871426,144.77599,2540
-38.142718,145.209059,2837
-37.895975,145.137333,2392
-37.756314,145.048173,2128
-38.135899,145.155344,2328
-38.135887,145.155138,2757
-38.062497,145.118989,2765
-37.882037,145.29111,2025
-37.737933,145.029943,2117
-37.911677,145.033649,2068
-37.744296,144.91068,2767
-37.794297,145.21114,2126
-38.150098,145.147299,2009
-37.799777,145.192391,2988
-37.774066,145.12597,2188
-37.908777,145.012029,2471
-37.845637,145.04469,2713
-37.832237,145.147801,2987
-37.931877,145.14246,2501
-37.809467,145.216319,2582
-37.919201,145.216041,2867
-37.699315,144.89788,2302
-37.723642,145.273658,2992
-38.11801,145.212338,2292
-38.089197,145.21109,2747
-37.801085,144.754884,2528
-37.763183,145.054826,2824
-38.170013,145.105346,2531
-38.140371,145.175201,2208
-37.877815,145.039173,2866
-37.778457,145.018526,2395
-37.847817,144.968792,2716
-37.852976,145.150341,2171
-37.904881,145.136974,2985
-38.048727,145.188318,2093
-37.909793,145.086473,2201
-37.768056,144.930423,2953
-37.938856,145.233396,2828
-37.992579,145.04178,2376
-37.701094,144.756886,2291
-37.841543,144.93177,2152
-37.78323,145.063203,2546
-38.112709,145.159178,2921
-38.038859,145.138605,2197
-37.805096,145.015302,2276
-37.76528,145.092168,2572
-37.801233,145.196497,2511
-38.022352,145.189026,2904
-37.921039,145.136384,2368
-37.865366,144.972664,2230
-37.812338,145.171471,2569
-37.839327,144.9913,2804
-38.08892,145.182502,2371
-37.740765,144.825799,2174
-37.898294,144.994504,2843
-37.791438,145.04849,2654
-38.020897,145.097518,2300
-38.02415,145.222393,2794
-37.833295,144.971505,2846
-37.886537,145.08337,2349
-37.844017,145.299231,2026
-37.810288,144.99408,2914
-38.130429,145.125705,2508
-37.846547,144.978563,2396
-37.93695,145.050552,2934
-38.065902,145.237339,2194
-38.156974,145.105328,2171
-37.877256,145.128468,2433
-37.799466,145.061949,2290
-37.927045,145.168038,2985
-37.820342,145.121305,2766
-37.817366,145.011304,2796
-37.826149,144.938242,2401
-37.778587,144.97087,2763
-37.787107,145.291441,2876
-37.808297,145.00225,2007
-37.851247,144.981669,2435
-37.841084,144.965797,2147
-37.805885,144.781217,2243
-38.195208,145.140763,2238
-37.72855,145.222007,7212
-37.67658,144.57011,7890
-38.06208,145.46155,7151
-38.43115,144.97055,7441
-38.09943,145.48022,7548
-37.75235,145.69864,7838
-38.09129,145.60909,7999
-38.14404,145.24581,7197
-38.01952,145.27329,7731
-37.59373,144.912973,7550
-37.86393,145.35305,7124
-37.60784,144.90605,7821
-37.89935,144.73091,7236
-37.8599,144.67668,7682
-38.01008,145.28371,7920
-37.61565,145.11546,7439
-38.07102,145.31548,7981
-37.78781,145.55828,7227
-37.91537,144.66271,7927
-37.8651,144.70304,7612
-38.40936,144.83191,7834
-38.08518,145.50997,7019
-37.77328,145.33044,7761
-38.20217,145.30027,7684
-38.0168,145.38457,7010
-37.656439,144.954452,7029
-37.9028,144.640468,7837
-38.000763,145.237261,7922
-37.714942,145.150044,7304
-37.671763,144.853296,7450
-37.834892,145.348713,7006
-37.878219,145.334386,7463
-38.354435,144.952293,7237
-38.195695,145.121577,7678
-37.756282,145.312095,7641
-38.168374,145.334788,7986
-38.352575,145.184017,7450
-37.690132,145.013335,7675
-37.877876,144.713535,7324
-37.744201,144.695936,7992
-37.592212,144.887545,7222
-37.860478,144.649005,7580
-37.888328,144.661605,7830
-38.052534,145.370047,7230
-38.217334,145.397468,7373
-38.314413,145.181654,7786
-37.565225,144.676805,7341
-37.926999,145.355301,7641
-37.551366,145.126431,7645
-37.678516,144.664353,7929
-38.230559,145.164151,7049
-37.947161,145.533346,7772
-38.195822,145.12162,7063
-37.567402,145.525553,7015
-37.998828,145.326251,7818
-37.693381,145.157872,7718
-38.090352,145.294176,7997
-37.903625,144.701661,7556
-37.652895,144.874254,7846
-37.883662,144.63336,7833
-38.217247,145.397755,7936
-37.692452,145.093182,7304
-38.403286,145.073638,7024
-38.375999,144.80693,7223
-38.013906,145.347871,7837
-37.680142,145.482285,7854
-38.060448,145.590359,7173
-37.691404,144.987932,7038
-37.57297,144.948246,7187
-37.862637,145.405353,7164
-38.390005,145.180219,7483
-37.875768,144.681348,7770
-38.079676,145.263015,7213
-38.214744,145.115228,7939
-38.334727,144.964231,7405
-37.720214,145.137365,7576
-38.068108,145.280409,7673
-38.267222,145.013437,7361
-37.877649,144.714349,7690
-37.715053,145.175602,7602
-37.667007,145.179545,7516
-37.753734,145.348567,7524
-37.649086,145.079898,7001
-38.345725,144.732704,7486
-37.653789,145.383238,7471
-37.709084,144.853978,7315
-37.756497,144.739899,7248
-37.890438,144.764134,7394
-37.982282,145.302956,7858
-38.043218,145.392486,7091
-38.377162,144.781196,7445
-37.639382,145.190022,7725
-38.357783,144.757218,7473
-37.511562,145.159231,7593
-37.647523,145.017567,7792
-37.613009,145.263519,7188
-37.881406,145.401059,7505
-37.977368,145.260876,7615
-38.390013,145.180791,7223
-38.286395,145.18449,7747
-37.650649,144.922738,7765
-37.673577,144.959435,7850
-37.686703,145.147457,7229
-37.774566,145.313167,7997
-37.969007,145.28186,7933
-38.217372,145.036439,7777
-37.680484,144.73892,7763
-37.687616,145.11296,7766
-37.648006,145.080039,7228
-37.648534,145.019274,7358
-38.393863,144.828979,7937
-37.630684,144.722007,7734
-38.383022,144.884574,7927
-37.680288,145.171849,7501
-38.403193,145.073469,7833
-38.468653,145.014877,7413
-37.669283,144.931311,7333
-37.654598,145.157007,7102
-37.839087,144.669657,7945
-37.51557,145.138992,7496
-37.719953,145.137972,7832
-37.666585,145.061534,7193
-37.823182,144.815742,7485
-37.700547,144.887682,7225
-38.31433,145.181587,7465
-37.694319,145.02486,7486
-37.691581,144.988189,7387
-37.758756,145.353245,7508
-37.685119,144.562343,7216
-38.370973,144.824947,7111
-37.640691,144.929951,7617
-37.665403,144.957391,7065
-37.932392,145.443716,7431
-37.927584,144.700665,7634
-37.604255,144.943841,7792
-37.66016,144.939386,7788
-37.689842,145.006777,7584
-37.653093,145.026725,7696
-37.684033,144.880939,7183
-37.803315,145.309435,7313
-37.595662,144.730732,7416
-37.711885,145.568731,7165
-37.678086,145.056699,7062
-37.657821,145.076147,7927
-37.686174,145.12259,7913
-37.856639,145.360333,7056
-37.818666,144.781,7814
-37.817086,145.35396,7822
-37.868708,144.755003,7216
-37.692433,144.870516,7605
-37.673406,145.016515,7907
-37.90393,145.317257,7972
-37.901916,144.661593,7450
-38.052694,145.26608,7889
-37.673707,145.149753,7182
-37.942949,145.477019,7594
-37.648206,144.963473,7237
-37.680448,144.947794,7266
-37.903123,145.402238,7128
-38.067632,145.279885,7750
-37.722693,145.39405,7336
-37.6212,144.949628,7484
-37.972597,144.690631,7502
-38.368913,145.013955,7192
-37.666127,144.982142,7368
-37.944339,145.317178,7153
-37.903932,145.317427,7850
-38.259803,145.183416,7549
-37.786739,145.449491,7946
-38.202211,145.248629,7543
-38.370938,144.892079,7359
-37.968203,144.562739,7247
-37.678442,144.664264,7139
-37.638908,144.910622,7172
-37.68837,144.72496,7352
-38.376039,144.80671,7779
-37.621713,144.802507,7410
-38.350899,144.922927,7346
-37.759816,145.40737,7919
-37.673976,145.125744,7478
-37.791805,145.423832,7721
-38.021486,145.304375,7718
-37.660309,145.300214,7077
-38.339254,144.741578,7177
-37.661793,145.052419,7493
-37.903782,144.701872,7333
-37.699839,145.170937,7719
-37.652918,145.020064,7911
-38.026796,145.313253,7545
-38.27238,145.076851,7392
-38.031083,145.285697,7424
-38.035984,145.266497,7345
-37.986443,145.252919,7129
-37.766965,144.751443,7368
-38.040828,145.339881,7238
-37.883683,144.633063,7394
-37.67726,144.931429,7892
-37.693406,145.15769,7035
-38.361121,144.78061,7790
-38.080507,145.488683,7814
-37.980805,145.242885,7504
-38.005564,145.254002,7911
-37.685877,144.877723,7839
-37.666252,144.983113,7031
-38.19229,145.484422,7054
-38.369872,144.771186,7521
-38.189171,145.074852,7506
-38.072036,145.335414,7729
-38.292527,145.009775,7485
-38.079284,145.263309,7895
-37.70802,144.854916,7254
-38.214914,145.114629,7084
-38.334403,144.963726,7732
-38.372533,145.127692,7333
-37.706627,144.565268,7789
-37.677491,144.863449,7434
-37.611762,145.076271,7627
-37.689001,145.222952,7225
-38.060532,145.590597,7988
-37.996612,145.286285,7245
-37.782627,145.529406,7958
-38.452538,144.909988,7019
-38.378703,144.860546,7888
-37.753123,145.349341,7526
-37.902047,145.493525,7507
-37.680055,145.482503,7457
-37.65151,144.572522,7604
-37.777285,145.48968,7554
-37.551466,145.126452,7575
-38.157906,145.224957,7212
-37.595532,145.401138,7047
-37.692696,145.093165,7634
-38.00347,145.499776,7669
-37.94726,145.533299,7849
-38.270849,145.56857,7174
-38.090267,145.293915,7069
-37.644021,144.945102,7790
-37.670321,144.848349,7321
-37.567537,145.52555,7560
-37.652843,144.874254,7622
-37.92635,144.646485,7198
-37.725164,145.697283,7155
-37.725851,144.653834,7630
-37.529676,144.946151,7982
-37.578509,144.730981,7422
-37.872093,145.426216,7443
-37.828213,145.354429,7385
-37.648008,145.19718,7183
-37.730985,145.476243,7631
-37.627977,144.950133,7873
-37.875489,144.680902,7631
-37.683267,144.919413,7096
-38.205229,145.098035,7216
-37.78585,145.320189,7288
-37.997983,145.42888,7116
-37.670316,144.848066,7210
-38.030569,145.303084,7961
-37.762465,144.756052,7041
-37.598125,144.729445,7024
-37.765253,145.381108,7367
-38.183616,145.090549,7989
-37.723466,144.748164,7971
-37.728151,145.222413,7420
-37.919786,145.367361,7873
-38.225356,145.039708,7234
-37.6894,144.940232,7110
-37.841285,144.787232,7476
-37.902665,144.640461,7691
-37.687896,144.917186,7485
-37.689688,144.969233,7191
-37.690802,145.030147,7472
-37.76211,145.325869,7115
-37.757875,144.739392,7804
-38.286758,145.031083,7221
-38.217671,145.062587,7154
-38.008552,145.271404,7779
-37.693199,144.603482,7153
-38.230476,145.164073,7316
-37.902335,145.352279,7198
-38.116546,145.272989,7634
-38.014001,145.347663,7017
-38.197063,145.088473,7927
-38.050167,145.450912,7478
-37.786599,145.352797,7878
-37.693997,144.871764,7250
-38.016954,145.3026,7150
-38.073129,145.653411,7923
-38.232753,145.049883,7411
-38.344876,144.731678,7018
-37.565324,144.676802,7151
-38.324583,144.707604,7355
-38.359471,144.895788,7895
-38.021292,145.303411,7654
-37.962425,145.361113,7286
-37.67019,144.905075,7700
-38.337059,145.076198,7975
-38.320049,145.007204,7103
-38.403049,144.854967,7577
-37.586165,144.761251,7040
-38.36877,144.920482,7705
-37.861303,144.688554,7462
-38.04898,145.283126,7848
-38.318413,145.008507,7916
-37.884568,144.652011,7645
-38.262341,145.032829,7594
-37.876755,144.619969,7976
-37.894925,144.622149,7509
-38.430019,144.858768,7711
-38.039497,145.247279,7200
-37.968987,145.282305,7221
-38.061237,145.339301,7473
-38.109657,145.713162,7270
-37.915356,144.732479,7587
-37.5982,144.921717,7940
-37.686215,145.068734,7315
-37.476666,145.236981,7086
-37.557505,144.734601,7748
-37.584246,145.198451,7024
-37.880497,145.693662,7212
-38.216765,145.329608,7687
-38.098115,145.279548,7574
-37.73725,144.715671,7683
-37.753866,145.363149,7760
-37.669132,145.042311,7147
-37.893511,144.675347,7271
-37.646209,145.040363,7749
-38.052796,145.301434,7445
-38.103813,145.263268,7576
-37.617291,145.136654,7457
-38.083668,145.488508,7771
-38.053466,145.483532,7436
-38.066521,145.301413,7452
-37.730273,144.742212,7438
-37.883431,144.736071,7041
-37.866513,144.732156,7904
-37.631732,145.091816,7169
-38.085338,145.471358,7256
-37.586276,144.887041,7241
-37.631316,145.007247,7121
-37.586862,145.127888,7679
-38.108927,145.283175,7899
-37.665561,144.884096,7721
-37.639928,145.062752,7306
-38.084638,145.279398,7679
-37.887575,144.6079,7369
-37.654007,145.029673,7909
-38.014079,145.322,7235
-37.851231,144.707167,7276
-38.029476,145.34652,7132
-37.653664,145.516956,7461
-37.711405,144.7418,7539
-37.785959,145.382279,7905
-38.052637,145.48433,7002
-37.580758,145.104589,7506
-38.288328,145.214755,7051
-38.23718,145.071873,7808
-37.592727,145.144331,7549
-37.982117,145.418541,7178
-38.087462,145.310632,7127
-37.627238,145.125165,7562
-38.330327,144.985895,7797
-37.784561,145.31142,7679
-38.02346,145.609832,7863
-37.744379,144.735981,7093
-38.30031,145.213316,7068
-37.60734,145.016606,7889
-37.686608,144.536396,7542
-38.053982,145.511089,7918
-37.777233,145.361715,7468
-37.62214,145.030172,7988
-38.24556,145.037532,7898
-37.619873,144.890739,7058
-38.061167,145.416794,7313
-38.07418,145.337896,7408
-37.957436,145.26381,7681
-37.65282,144.592632,7633
-37.635196,145.038008,7315
-37.705706,144.751418,7031
-38.326245,144.703868,7787
-38.118785,145.250178,7074
-38.253948,145.119878,7578
-37.8309,144.68721,7545
-37.606945,144.976611,7129
-37.737281,144.756689,7191
-37.577311,144.924903,7876
-37.799312,144.565055,7608
